2023/5/10/,7203
2023/4/28/,6758
2023/4/27/,6861
2023/5/12/,9432
2023/5/15/,8306
2023/4/27/,4568
2023/5/11/,4502
2023/5/15/,8316
2023/4/27/,6501
2023/5/9/,7974
2023/5/11/,9433
2023/5/9/,8058
2023/5/11/,8035
2023/4/27/,4063
2023/5/2/,8031
2023/5/8/,7741
2023/5/9/,6367
2023/5/9/,8001
2023/5/11/,7267
2023/5/15/,6098
2023/5/15/,8411
2023/5/19/,8766
2023/4/27/,4661
2023/5/11/,9984
2023/5/10/,9434
2023/4/28/,6981
2023/4/26/,6954
2023/7/13/,3382
2023/5/15/,6273
2023/4/27/,4503
2023/5/2/,2914
2023/4/27/,6702
2023/4/26/,7751
2023/4/28/,6503
2023/5/15/,5108
2023/4/27/,6902
2023/4/24/,6594
2023/5/9/,8053
2023/5/8/,8002
2023/4/28/,6301
2023/7/13/,9983
2023/5/10/,6752
2023/5/15/,6178
2023/5/10/,8591
2023/5/12/,7733
2023/5/12/,4911
2023/5/10/,4901
2023/5/10/,4452
2023/5/10/,5401
2023/4/27/,9020
2023/4/26/,9022
2023/5/15/,4543
2023/5/15/,8750
2023/5/12/,2502
2023/4/27/,6723
2023/5/11/,2802
2023/5/10/,8801
2023/5/8/,8113
2023/5/15/,6971
2023/4/27/,4519
2023/5/12/,6326
2023/5/12/,4578
2023/5/11/,8802
2023/7/上旬/,8267
2023/5/11/,2503
2023/5/15/,4523
2023/5/19/,8630
2023/5/12/,1925
2023/5/11/,9735
2023/5/10/,7011
2023/5/19/,8725
2023/4/26/,8604
2023/5/12/,8309
2023/5/15/,7269
2023/4/25/,7309
2023/6/8/,1928
2023/5/9/,9101
2023/5/12/,6502
2023/4/28/,6920
2023/5/10/,7832
2023/5/12/,8308
2023/4/26/,6857
2023/5/11/,5020
2023/4/27/,9202
2023/5/11/,3659
2023/5/10/,4507
2023/5/10/,1605
2023/4/28/,9021
2023/5/11/,6869
2023/4/20/,6146
2023/4/28/,6701
2023/5/9/,9843
2023/4/28/,6762
2023/4/26/,6645
2023/5/12/,2267
2023/4/25/,4684
2023/5/11/,7201
2023/5/11/,7270
2023/4/27/,4307
2023/4/28/,2413
2023/7/7/,6506
2023/4/26/,6988
2023/5/2/,9201
2023/5/12/,5802
2023/4/27/,8697
2023/5/10/,5713
2023/5/10/,3407
2023/4/28/,9104
2023/4/26/,9531
2023/5/11/,9613
2023/5/11/,6965
2023/4/27/,6201
2023/4/27/,9503
2023/5/15/,9042
2023/5/11/,8830
2023/4/28/,9502
2023/5/15/,7272
2023/4/27/,9962
2023/5/15/,4612
2023/5/10/,7532
2023/5/11/,9005
2023/5/12/,4188
2023/5/10/,4528
2023/4/28/,4689
2023/4/27/,2801
2023/4/27/,8015
2023/5/12/,5201
2023/5/12/,3402
2023/5/10/,7701
2023/5/10/,9697
2023/5/15/,4324
2023/4/27/,6586
2023/5/9/,6963
2023/5/12/,3088
2023/4/28/,1878
2023/5/12/,7202
2023/6/2/,9041
2023/5/8/,9532
2023/5/10/,2897
2023/4/27/,8601
2023/5/8/,5411
2023/5/11/,6479
2023/4/28/,9501
2023/5/15/,8795
2023/5/12/,7912
2023/5/12/,1801
2023/5/9/,3626
2023/5/12/,7261
2023/5/11/,2269
2023/5/11/,1802
2023/4/28/,4204
2023/5/15/,1812
2023/5/12/,6383
2023/5/11/,4704
2023/7/14/,6532
2023/4/28/,9001
2023/5/12/,8473
2023/5/12/,7911
2023/4/28/,9143
2023/5/11/,3436
2023/5/10/,4151
2023/5/11/,2587
2023/5/10/,7936
2023/5/15/,4005
2023/7/13/,9602
2023/5/12/,9684
2023/5/9/,7951
2023/4/27/,6504
2023/5/11/,4922
2023/5/12/,4755
2023/5/9/,5019
2023/5/15/,2181
2023/4/28/,5938
2023/5/2/,2768
2023/5/11/,6370
2023/4/26/,7276
2023/6/13/,3038
2023/5/10/,6465
2023/4/28/,9009
2023/5/1/,4062
2023/4/28/,5332
2023/4/27/,3064
2023/4/27/,7259
2023/5/8/,6806
2023/5/12/,2875
2023/5/15/,7182
2023/5/10/,9064
2023/5/12/,9147
2023/4/27/,4185
2023/4/28/,9007
2023/5/11/,9766
2023/5/8/,6448
2023/5/15/,4021
2023/5/12/,4183
2023/5/8/,7752
2023/5/1/,4768
2023/5/12/,7186
2023/5/12/,4527
2023/5/15/,7747
2023/5/15/,8593
2023/4/28/,6724
2023/4/26/,4751
2023/4/27/,3003
2023/5/12/,9008
2023/5/9/,3099
2023/5/12/,6845
2023/5/15/,3197
2023/5/15/,7181
2023/5/12/,7550
2023/5/10/,4967
2023/5/11/,1803
2023/5/15/,6361
2023/5/9/,6841
2023/5/15/,8331
2023/5/12/,4042
2023/5/8/,9107
2023/5/11/,9048
2023/5/9/,4732
2023/5/11/,4091
2023/5/11/,9706
2023/5/11/,5831
2023/4/28/,6028
2023/5/12/,3861
2023/5/10/,7012
2023/4/27/,1911
2023/5/12/,8111
2023/5/16/,9435
2023/5/11/,9142
2023/4/27/,6923
2023/5/9/,7013
2023/4/28/,5334
2023/5/11/,3769
2023/5/12/,7459
2023/5/11/,2433
2023/5/11/,5406
2023/5/15/,2784
2023/5/11/,4536
2023/5/15/,3291
2023/4/26/,3231
2023/5/12/,8369
2023/5/15/,4004
2023/4/28/,6268
2023/4/28/,6460
2023/5/8/,9831
2023/5/11/,9045
2023/5/12/,6113
2023/5/10/,3289
2023/5/11/,7731
2023/5/12/,3405
2023/5/9/,6976
2023/5/9/,7211
2023/5/12/,8354
2023/4/27/,3092
2023/4/28/,5333
2023/6/23/,3391
2023/5/12/,6302
2023/5/15/,3288
2023/5/11/,4403
2023/4/28/,4739
2023/5/12/,8136
2023/5/10/,7735
2023/6/28/,3086
--/,4716
2023/5/9/,3563
2023/5/10/,5947
2023/5/11/,9024
2023/4/28/,9508
2023/4/28/,2127
2023/5/9/,4912
2023/5/15/,6481
2023/5/11/,4613
2023/5/15/,6849
2023/5/11/,5021
2023/4/28/,9506
2023/5/12/,7167
2023/5/9/,8252
2023/5/11/,1808
2023/5/12/,5101
2023/4/28/,9719
2023/7/13/,3697
2023/5/12/,6856
2023/7/7/,7453
2023/5/11/,1963
2023/5/10/,9513
2023/7/11/,2651
2023/5/10/,4088
2023/5/11/,8804
2023/6/14/,4666
2023/6/29/,8233
2023/5/11/,4202
2023/4/24/,3635
2023/5/12/,3774
2023/7/10/,3141
2023/4/28/,6526
2023/6/26/,8227
2023/5/11/,5233
2023/5/15/,8088
2023/5/11/,9468
2023/5/10/,2282
2023/5/12/,5711
2023/5/12/,6005
2023/4/28/,2811
2023/4/28/,9044
2023/5/17/,8304
2023/5/15/,9989
2023/5/10/,2002
2023/5/10/,9006
2023/5/12/,4182
2023/5/11/,4516
2023/5/11/,3401
2023/5/12/,2331
2023/5/12/,9364
2023/5/12/,6471
2023/4/27/,6967
2023/5/15/,5929
2023/5/12/,7988
2023/5/10/,2371
2023/6/1/,2593
2023/7/10/,3349
2023/4/28/,4385
2023/7/18/,3994
2023/5/11/,7956
2023/4/26/,6305
2023/5/10/,6141
2023/5/9/,2229
2023/5/12/,5901
2023/5/11/,4581
2023/5/12/,6728
2023/5/9/,7164
2023/5/12/,6406
2023/4/26/,1944
2023/5/15/,4902
2023/5/9/,2871
2023/4/28/,2175
2023/5/11/,4186
2023/5/11/,1721
2023/5/11/,2501
2023/6/27/,7649
2023/5/11/,4676
2023/4/28/,8359
2023/5/15/,5110
2023/5/10/,9065
2023/7/5/,2809
2023/4/28/,8056
2023/5/11/,8876
2023/4/27/,2212
2023/5/15/,9987
2023/5/9/,7518
2023/7/12/,2670
2023/5/11/,6417
2023/5/11/,6753
2023/5/15/,8253
2023/4/28/,9504
2023/5/12/,1951
2023/5/12/,2579
2023/4/28/,6770
2023/5/12/,4208
2023/5/10/,1414
2023/5/15/,3107
2023/5/11/,5076
2023/5/12/,7729
2023/4/27/,8174
2023/5/11/,9404
2023/4/28/,5214
2023/5/12/,9401
2023/5/15/,2222
2023/7/12/,9861
2023/5/9/,8012
2023/5/11/,5301
2023/5/9/,4921
2023/5/12/,5714
2023/5/12/,5803
2023/4/25/,4733
2023/5/12/,7616
2023/5/12/,7732
2023/5/11/,9449
2023/4/27/,6473
2023/4/27/,9533
2023/4/27/,6755
2023/5/11/,6134
2023/5/15/,7458
2023/5/11/,4061
2023/5/15/,7780
2023/5/12/,6951
2023/5/9/,2206
2023/5/12/,8410
2023/5/15/,4631
2023/5/12/,3923
2023/4/28/,4927
2023/5/10/,5706
2023/5/15/,9616
2023/5/11/,5463
2023/5/11/,6952
2023/4/27/,6592
2023/5/15/,1860
2023/5/11/,6707
2023/5/15/,4272
2023/5/12/,9076
2023/7/11/,8905
2023/4/28/,7984
2023/5/8/,3132
2023/5/12/,5830
2023/5/11/,5105
2023/5/12/,4565
2023/6/30/,3050
2023/5/11/,9744
2023/5/11/,9749
2023/7/6/,6136
2023/5/12/,1893
2023/5/15/,2264
2023/5/15/,5991
2023/5/12/,3360
2023/5/15/,4681
2023/4/28/,5444
2023/5/12/,8418
2023/5/12/,6412
2023/5/10/,8282
2023/5/10/,2810
2023/4/27/,3116
2023/5/11/,4887
2023/5/10/,8424
2023/5/9/,9759
2023/5/11/,4587
2023/5/11/,2412
2023/5/10/,8334
2023/4/28/,6754
2023/5/9/,4540
2023/5/11/,8283
2023/5/12/,7476
2023/5/12/,7337
2023/4/28/,1959
2023/5/11/,3105
2023/5/11/,6925
2023/5/12/,8439
2023/4/27/,9003
2023/5/10/,8279
2023/5/11/,8086
2023/5/11/,4819
2023/5/11/,5801
2023/5/15/,4919
2023/5/11/,7180
2023/5/15/,2427
2023/6/14/,6966
2023/5/12/,9072
2023/4/26/,4205
2023/7/13/,4530
2023/5/12/,7313
2023/4/27/,5857
2023/5/12/,1332
2023/4/25/,8060
2023/5/15/,9934
2023/5/12/,4114
2023/5/12/,4544
2023/5/11/,8242
2023/5/12/,4118
2023/5/12/,7762
2023/6/2/,9627
2023/6/30/,9793
2023/5/12/,3941
2023/5/9/,4483
2023/5/12/,4401
2023/5/12/,8078
2023/4/26/,6436
2023/5/11/,6674
2023/7/14/,3387
2023/5/10/,2432
2023/5/15/,1417
2023/4/28/,4206
2023/5/15/,4203
2023/5/11/,3765
2023/5/15/,4665
2023/5/15/,3397
2023/5/12/,5832
2023/5/12/,9783
2023/5/10/,4980
2023/5/15/,8114
2023/5/12/,6544
2023/5/12/,1662
2023/5/12/,1719
2023/5/11/,2201
2023/5/9/,8020
2023/4/28/,9301
2023/5/12/,4023
2023/5/11/,2531
2023/4/28/,4043
2023/5/12/,8129
2023/5/10/,7240
2023/5/9/,7867
2023/7/14/,7730
2023/5/10/,7846
2023/5/9/,8919
2023/5/11/,6457
2023/7/13/,9601
2023/5/12/,7004
2023/5/8/,5393
2023/5/12/,8341
2023/5/12/,7189
2023/4/26/,7205
2023/4/28/,9682
2023/4/27/,9507
2023/5/12/,5631
2023/7/11/,8570
2023/7/13/,6432
2023/4/28/,5471
2023/4/27/,7282
2023/5/12/,2121
2023/5/11/,9031
2023/7/12/,3543
2023/5/12/,6472
2023/5/10/,4521
2023/5/10/,9010
2023/7/11/,3048
2023/4/28/,7947
2023/5/12/,6055
2023/4/27/,5344
2023/7/14/,1377
2023/5/15/,4506
2023/4/28/,2327
2023/4/28/,8803
2023/5/12/,2154
2023/5/12/,4958
2023/6/30/,3549
2023/5/10/,8377
2023/5/11/,6103
2023/5/12/,9303
2023/5/11/,8515
2023/7/14/,2379
2023/5/12/,8130
2023/4/27/,9505
2023/7/13/,4443
2023/5/11/,1820
2023/5/11/,6588
2023/7/3/,3186
2023/5/10/,8098
2023/5/11/,8179
2023/4/28/,4045
2023/5/12/,9746
2023/5/11/,8572
2023/5/15/,4180
2023/4/27/,4812
2023/7/10/,3148
2023/5/12/,6407
2023/5/9/,9832
2023/4/26/,8595
2023/5/12/,5192
2023/5/2/,3191
2023/5/15/,3863
2023/4/26/,7839
2023/5/12/,3865
2023/4/28/,1973
2023/5/12/,2931
2023/5/15/,6395
2023/5/15/,3962
2023/5/9/,2730
2023/5/9/,2296
2023/5/10/,5384
2023/5/12/,8303
2023/5/12/,8425
2023/5/12/,8370
2023/5/11/,7817
2023/5/11/,9757
2023/4/28/,6135
2023/4/28/,1942
2023/6/14/,9603
2023/4/27/,8698
2023/5/12/,1969
2023/5/11/,5232
2023/7/12/,7581
2023/7/3/,7965
2023/5/12/,1833
2023/7/11/,6323
2023/5/11/,6727
2023/4/26/,6995
2023/5/8/,1333
2023/5/12/,4095
2023/5/8/,7381
2023/7/11/,7516
2023/4/28/,9830
2023/5/12/,4686
2023/4/25/,8218
2023/7/11/,8273
2023/5/12/,9069
2023/5/9/,9519
2023/5/12/,3591
2023/5/15/,9605
2023/5/10/,3097
2023/5/10/,4041
2023/5/9/,7419
2023/5/9/,4680
2023/5/11/,4552
2023/5/10/,4928
2023/4/27/,9509
2023/5/12/,6652
2023/4/27/,6807
2023/5/12/,3880
2023/5/12/,8153
2023/5/10/,9090
2023/5/12/,9336
2023/5/11/,6371
2023/5/10/,2607
2023/7/4/,9948
2023/5/12/,8584
2023/5/15/,4480
2023/5/12/,1861
2023/4/17/,6866
2023/5/12/,2815
2023/5/11/,2317
2023/5/12/,9869
2023/5/12/,2602
2023/5/11/,4044
2023/4/28/,9412
2023/5/12/,2001
2023/5/12/,8381
2023/5/12/,7327
2023/5/15/,2270
2023/5/11/,4974
2023/5/12/,8366
2023/5/9/,3167
2023/5/9/,8050
2023/4/12/,3593
2023/5/8/,7966
2023/5/12/,6368
2023/4/27/,8628
2023/5/11/,4985
2023/6/26/,7630
2023/5/11/,4849
2023/5/12/,8358
2023/5/12/,7220
2023/5/11/,3101
2023/5/12/,6013
2023/5/10/,7994
2023/5/15/,3569
2023/5/12/,5726
2023/4/26/,4722
2023/5/15/,8524
2023/5/15/,9936
2023/5/12/,4634
2023/6/2/,9678
2023/5/8/,4547
2023/5/9/,6908
2023/4/27/,6632
2023/7/13/,9716
2023/5/12/,9956
2023/5/11/,7242
2023/5/15/,1979
2023/5/11/,8154
2023/5/12/,6804
2023/5/10/,6622
--/,3222
2023/4/28/,9715
2023/5/9/,8511
2023/4/27/,4373
2023/6/9/,2695
2023/7/14/,3087
2023/5/15/,3076
2023/5/15/,4534
2023/5/11/,8097
2023/5/12/,8848
2023/7/4/,2678
2023/5/15/,5703
2023/4/21/,5423
2023/5/11/,5741
2023/5/15/,2146
2023/5/9/,4189
2023/5/12/,4694
2023/5/9/,7224
2023/5/11/,7380
2023/5/12/,9409
2023/5/11/,4569
2023/5/10/,6420
2023/6/16/,7545
2023/5/12/,8160
2023/5/8/,5727
2023/4/28/,8616
2023/5/12/,8074
2023/5/10/,6914
2023/5/12/,4776
2023/5/9/,9119
2023/5/1/,4626
2023/7/5/,2659
2023/5/10/,9302
2023/5/11/,6619
2023/4/27/,8609
2023/4/28/,9672
2023/5/9/,8566
2023/4/27/,7148
2023/5/12/,1835
2023/5/12/,8367
2023/5/15/,6651
--/,8276
2023/5/11/,1926
2023/5/12/,8368
2023/5/12/,8850
2023/5/9/,9882
2023/5/10/,3433
2023/5/11/,3182
2023/6/9/,4996
2023/5/15/,8140
2023/7/4/,7611
2023/5/10/,7943
2023/5/11/,4975
2023/5/11/,2733
2023/7/11/,2157
2023/5/12/,6490
2023/5/15/,7816
2023/5/12/,7595
2023/5/11/,7915
2023/5/11/,4368
2023/5/12/,4917
--/,3244
2023/5/8/,7173
2023/5/12/,8361
2023/5/15/,6498
2023/5/11/,5930
2023/7/11/,9787
2023/5/11/,7451
--/,9418
2023/4/28/,4956
2023/4/28/,1941
2023/5/11/,4559
2023/5/12/,8771
2023/5/12/,8022
2023/5/10/,6703
2023/5/11/,6768
2023/5/11/,7718
2023/5/15/,2767
2023/5/12/,3002
2023/5/12/,5202
2023/5/10/,5451
2023/6/9/,4384
2023/5/15/,6287
2023/5/12/,6737
2023/7/14/,8200
2023/7/13/,2292
2023/7/11/,1419
2023/5/12/,1961
2023/6/30/,2685
2023/5/12/,6258
2023/5/11/,7071
2023/7/11/,2726
2023/7/10/,9974
2023/5/11/,7734
2023/5/9/,2326
2023/4/28/,7278
2023/5/10/,6036
2023/4/28/,6080
--/,1766
2023/5/15/,6104
2023/4/27/,4212
2023/5/11/,6101
2023/5/15/,2874
2023/5/12/,5186
2023/5/11/,7864
2023/5/10/,6750
2023/5/12/,7296
2023/4/28/,2492
2023/5/11/,1890
2023/5/12/,9517
2023/5/9/,9699
2023/5/11/,6235
2023/4/27/,6810
2023/4/28/,8133
2023/5/10/,1821
2023/5/8/,2281
2023/5/15/,3254
2023/4/27/,2760
2023/5/11/,7981
2023/5/12/,8714
2023/5/10/,6787
2023/5/12/,8051
2023/5/15/,6947
2023/5/11/,7944
2023/5/15/,4553
2023/5/10/,6222
2023/5/9/,5480
2023/5/9/,3762
2023/4/27/,6516
2023/5/12/,2384
2023/5/11/,6590
2023/5/15/,8032
2023/7/13/,2337
2023/5/15/,8600
2023/5/15/,7389
2023/5/31/,4369
2023/4/27/,4348
2023/5/12/,8585
2023/5/10/,7575
2023/7/7/,8278
2023/5/10/,1720
2023/5/15/,5911
2023/5/12/,5988
2023/5/15/,7995
2023/7/13/,6474
,9347
2023/5/10/,2220
2023/5/26/,2590
2023/4/28/,1950
2023/5/11/,7226
2023/6/29/,7447
2023/5/12/,6508
2023/6/12/,8079
2023/4/27/,7250
2023/5/12/,8388
2023/5/12/,5943
2023/5/11/,8336
2023/5/8/,6200
2023/5/12/,6929
2023/5/9/,7128
2023/5/15/,9075
2023/5/12/,7821
2023/5/11/,9037
2023/5/12/,9025
2023/5/8/,2395
2023/4/28/,6454
2023/5/2/,7199
2023/7/7/,8125
2023/7/14/,7599
2023/7/13/,3201
2023/7/7/,8194
2023/5/12/,3844
2023/7/5/,8923
2023/5/11/,7860
2023/5/12/,6875
2023/5/11/,1949
2023/5/11/,4046
2023/5/10/,9543
2023/5/12/,4471
2023/5/9/,6996
2023/5/12/,7384
2023/4/28/,9511
2023/4/28/,7433
2023/4/28/,4549
2023/4/25/,6999
2023/5/15/,9247
2023/5/12/,4290
2023/5/12/,6140
2023/5/10/,6741
2023/5/10/,5946
2023/5/2/,8255
2023/5/11/,8544
2023/4/28/,7976
2023/5/11/,1968
2023/5/11/,7421
2023/4/28/,6455
2023/5/10/,3673
2023/5/11/,7917
2023/5/12/,5975
2023/5/10/,3668
2023/6/5/,2929
2023/5/12/,1885
2023/4/28/,3085
2023/5/10/,5310
2023/4/28/,7740
2023/5/12/,4708
2023/4/26/,7970
2023/5/12/,4633
2023/5/15/,6349
2023/5/12/,1852
2023/6/9/,2353
2023/4/28/,5481
2023/5/15/,7003
2023/7/6/,8016
2023/5/12/,4449
2023/5/11/,7246
2023/4/27/,3636
2023/5/11/,6282
2023/5/12/,4848
2023/7/13/,8167
2023/5/10/,5302
2023/5/10/,7483
2023/5/10/,6744
2023/7/11/,9842
2023/5/12/,6340
2023/5/12/,6464
2023/5/15/,2124
2023/5/15/,1954
2023/5/9/,6877
2023/5/10/,9424
2023/5/12/,1379
2023/5/11/,5331
--/,2168
2023/5/15/,2594
2023/5/9/,3950
2023/5/11/,2004
2023/5/11/,4641
2023/7/中旬/,4432
2023/5/11/,5563
2023/5/8/,9039
2023/5/12/,9900
2023/5/12/,5122
2023/5/12/,9416
2023/5/11/,9810
2023/5/31/,8068
2023/5/10/,7606
2023/4/26/,9551
2023/5/15/,2109
2023/5/12/,8522
2023/5/9/,6413
--/,7085
2023/5/15/,6376
2023/5/12/,6250
2023/6/5/,8057
2023/5/12/,6459
2023/5/12/,9308
2023/7/12/,3608
2023/5/12/,8059
2023/5/12/,8934
2023/4/28/,5440
2023/5/12/,3156
2023/5/15/,7593
2023/4/28/,9110
2023/5/12/,9887
2023/5/12/,3110
2023/5/12/,8818
2023/5/11/,4028
2023/5/15/,4216
2023/7/6/,4825
2023/5/12/,7744
2023/7/13/,8237
2023/5/11/,9068
2023/5/12/,8219
2023/5/11/,6315
2023/5/15/,3445
2023/5/11/,6143
2023/5/12/,8399
2023/5/10/,4971
2023/5/12/,6277
2023/7/14/,8155
2023/7/14/,6058
2023/5/12/,1515
2023/5/12/,6379
2023/5/12/,7613
2023/6/13/,6630
2023/5/10/,5011
2023/4/25/,7739
2023/5/12/,5702
2023/5/12/,5208
2023/5/15/,6191
2023/5/10/,7184
2023/5/12/,5715
2023/5/12/,6871
2023/5/12/,5805
2023/5/15/,4481
2023/7/7/,6289
2023/5/12/,5273
2023/5/15/,1518
2023/5/10/,1762
2023/5/12/,6339
2023/5/12/,7990
2023/5/10/,6997
2023/5/12/,7958
2023/5/15/,4047
2023/5/12/,7745
2023/6/9/,9692
2023/4/26/,9058
2023/5/10/,6523
2023/5/12/,7350
2023/5/12/,9755
2023/5/8/,3612
2023/5/10/,4617
2023/5/12/,2908
2023/5/8/,7366
2023/5/11/,3302
2023/5/12/,3465
2023/4/28/,2664
2023/5/12/,6507
2023/7/12/,6183
2023/5/12/,3036
2023/5/15/,7239
2023/4/27/,8892
2023/5/15/,8897
2023/5/9/,8173
2023/5/12/,1301
2023/5/12/,9997
2023/5/11/,1982
2023/5/11/,3632
2023/5/12/,7508
2023/5/12/,6789
2023/5/11/,8043
2023/5/12/,1888
2023/5/12/,9790
2023/5/11/,9729
2023/5/11/,3106
2023/4/24/,9267
2023/5/11/,8214
2023/7/5/,2471
2023/4/28/,4551
2023/5/11/,6269
2023/5/9/,5408
2023/7/14/,3046
2023/5/12/,6458
2023/5/12/,4008
2023/5/11/,9413
2023/5/12/,7456
2023/6/14/,7033
2023/5/9/,3028
2023/5/11/,3034
2023/7/18/,1887
2023/5/15/,6419
2023/4/28/,4025
2023/5/12/,9052
2023/5/10/,8131
2023/5/11/,1899
2023/5/11/,6197
2023/5/12/,6351
2023/5/9/,4326
2023/4/26/,1934
2023/5/10/,8084
2023/4/27/,9536
2023/4/28/,3836
2023/5/15/,6118
2023/5/15/,3978
2023/7/14/,4577
2023/5/12/,7552
2023/7/6/,2791
2023/5/10/,8715
2023/4/28/,5461
2023/5/15/,4914
2023/5/22/,8163
2023/5/1/,3738
2023/5/11/,8037
2023/5/11/,9621
2023/5/12/,8346
2023/5/9/,6381
2023/5/15/,9663
2023/5/12/,4526
2023/5/15/,5195
2023/5/11/,5851
2023/5/12/,8281
2023/7/7/,2734
2023/5/12/,5970
2023/5/11/,8871
2023/4/24/,2211
2023/5/12/,6284
2023/5/12/,6333
2023/5/15/,8141
2023/5/9/,8182
2023/5/12/,2681
2023/5/11/,5949
2023/5/12/,1882
2023/5/15/,6430
2023/4/28/,4099
2023/6/9/,2910
2023/5/15/,7383
2023/5/11/,3001
2023/5/11/,8386
2023/5/9/,6088
2023/5/12/,1786
2023/5/15/,2752
2023/5/12/,7972
2023/6/5/,9824
2023/5/11/,7222
2023/5/12/,6859
2023/4/25/,2715
2023/7/6/,2918
2023/5/8/,8739
2023/5/9/,9066
2023/5/11/,2613
2023/7/6/,8008
2023/4/27/,5482
2023/5/15/,6463
2023/5/11/,9722
2023/5/15/,7414
2023/5/12/,6800
2023/6/13/,9743
2023/4/26/,7283
2023/5/11/,8159
2023/5/9/,4109
2023/5/12/,4548
2023/5/15/,9274
2023/5/12/,6740
2023/5/11/,1884
2023/6/12/,3539
2023/5/12/,1822
2023/5/11/,1980
2023/5/10/,1976
2023/5/12/,3395
2023/5/12/,3687
2023/5/12/,3660
2023/4/27/,6196
2023/5/10/,7105
2023/5/10/,9889
2023/5/12/,6941
2023/6/9/,3657
2023/4/28/,5410
2023/5/11/,8393
2023/5/18/,3817
2023/5/11/,8075
2023/7/12/,9740
2023/4/27/,6817
2023/6/28/,2742
2023/7/6/,4187
2023/5/12/,9928
2023/5/9/,4923
2023/5/10/,3176
2023/5/15/,1663
2023/4/18/,3091
2023/5/12/,2288
2023/7/7/,7921
2023/5/8/,2053
2023/6/26/,8217
2023/5/10/,7231
2023/5/15/,3661
--/,9960
2023/4/28/,4362
2023/5/12/,3151
2023/4/28/,9474
2023/5/2/,9619
2023/5/10/,8151
2023/5/11/,5809
2023/5/12/,6332
2023/5/11/,4246
2023/4/21/,8707
2023/5/12/,4298
2023/5/12/,7717
2023/5/10/,3679
2023/5/10/,7354
2023/5/10/,9919
2023/5/10/,2980
2023/5/12/,3252
2023/7/5/,7679
2023/4/28/,8014
2023/5/12/,9470
2023/5/11/,6517
2023/5/10/,6486
2023/5/12/,8345
2023/5/11/,1879
2023/5/15/,6480
2023/7/12/,4343
2023/5/9/,6328
2023/5/12/,6278
2023/5/12/,2170
2023/6/30/,8168
2023/5/15/,6254
2023/5/11/,6779
2023/5/11/,7905
2023/5/12/,7868
2023/5/10/,6364
2023/5/10/,5191
2023/5/10/,6418
2023/4/28/,4318
2023/5/12/,7322
2023/4/28/,5959
2023/5/12/,4078
--/,4714
2023/5/10/,4674
2023/5/22/,6272
2023/7/10/,7607
2023/5/10/,6099
2023/5/9/,5541
2023/5/12/,8387
2023/4/27/,8613
2023/5/12/,8713
2023/5/11/,6363
2023/4/28/,9612
2023/5/15/,9310
2023/5/12/,1815
2023/5/15/,6078
2023/5/11/,6644
2023/5/15/,7840
2023/5/15/,6844
2023/4/28/,6961
2023/5/12/,3708
2023/5/15/,7467
2023/7/14/,2930
2023/5/11/,5351
2023/5/11/,7198
2023/5/9/,6718
2023/5/1/,4220
2023/7/11/,2792
2023/5/10/,3371
2023/5/11/,4886
2023/5/11/,4820
2023/6/19/,6905
2023/5/12/,4719
2023/6/9/,6387
2023/5/10/,7130
2023/4/28/,8793
2023/5/1/,2692
2023/5/12/,8362
2023/6/7/,3854
2023/5/15/,4116
2023/5/11/,4072
2023/5/12/,8132
2023/5/11/,3284
2023/5/8/,3901
2023/7/6/,4763
2023/7/12/,7512
2023/5/11/,2429
2023/5/9/,9099
2023/5/15/,3196
2023/5/15/,5074
2023/5/12/,3104
2023/5/11/,4997
2023/5/9/,9902
2023/5/12/,5352
2023/5/12/,4218
2023/5/11/,2209
2023/5/12/,8550
2023/4/26/,6617
2023/5/9/,8005
2023/5/11/,4687
2023/5/10/,3232
2023/5/12/,2922
2023/5/15/,1805
2023/5/8/,4951
2023/5/12/,6238
2023/5/12/,8392
2023/5/12/,7874
2023/5/10/,6745
2023/5/11/,4423
2023/5/11/,1375
2023/4/26/,7241
2023/7/14/,6814
2023/5/12/,1813
2023/5/12/,3245
2023/5/11/,3902
2023/5/12/,7522
2023/7/14/,3198
2023/5/9/,8841
2023/5/12/,6564
2023/5/11/,8343
2023/4/25/,6345
2023/5/9/,1898
2023/5/12/,8344
2023/5/11/,3788
2023/5/12/,7504
2023/5/12/,3199
2023/5/15/,4344
2023/4/28/,9534
2023/6/9/,2217
2023/5/10/,5288
--/,3333
2023/5/10/,1870
2023/5/11/,5976
2023/5/11/,4743
2023/5/15/,8360
2023/5/15/,8101
2023/5/11/,4337
2023/5/12/,7537
2023/5/12/,6035
2023/5/15/,6310
2023/7/12/,7818
2023/5/11/,8541
2023/5/12/,5707
2023/4/28/,1946
--/,8244
2023/7/14/,3915
2023/5/15/,3431
2023/5/15/,3153
2023/4/28/,7942
2023/7/13/,2305
2023/5/11/,1938
2023/5/11/,7844
2023/5/10/,7280
2023/5/9/,4215
2023/5/15/,6462
2023/5/10/,7609
--/,9946
2023/6/12/,6184
2023/5/12/,4097
2023/6/12/,8142
2023/6/9/,3903
2023/5/11/,6820
2023/5/11/,3932
2023/5/12/,8935
2023/4/28/,8624
2023/5/15/,2804
2023/5/12/,5757
2023/4/27/,8614
2023/5/12/,6616
2023/5/12/,2060
2023/5/12/,2475
2023/5/15/,7925
2023/5/12/,2899
2023/5/11/,1952
2023/6/14/,9279
2023/5/11/,6794
2023/6/12/,6309
2023/5/9/,8065
2023/6/13/,3480
2023/5/11/,4611
2023/5/11/,4725
2023/5/12/,6584
2023/5/12/,6369
2023/5/12/,9260
2023/5/12/,8877
2023/5/10/,4636
2023/4/28/,9055
2023/5/15/,4301
2023/5/11/,7245
2023/5/12/,3926
2023/5/29/,4813
2023/5/12/,2266
2023/4/27/,2491
2023/5/11/,9628
2023/5/8/,8137
2023/5/12/,9070
2023/5/12/,7637
2023/5/12/,8558
2023/5/12/,6266
2023/5/9/,6440
2023/5/12/,8337
2023/5/12/,6986
2023/5/9/,3580
2023/7/12/,9381
2023/4/28/,8708
2023/7/10/,7513
2023/5/11/,6095
2023/5/2/,8860
2023/5/12/,3443
2023/5/12/,1975
2023/5/12/,4801
2023/5/12/,2108
2023/5/15/,4839
2023/5/2/,2489
2023/4/28/,8103
2023/5/15/,4221
2023/5/12/,5602
2023/4/27/,4726
2023/5/10/,6151
2023/5/12/,4249
2023/5/2/,6809
2023/5/12/,6958
2023/5/10/,8920
2023/4/28/,9742
2023/5/12/,5357
2023/4/3/,2753
2023/5/12/,9828
2023/7/13/,2153
2023/5/12/,7820
2023/5/15/,6306
2023/5/12/,3835
2023/4/28/,2309
2023/5/11/,8395
2023/5/11/,8150
2023/6/1/,9726
2023/4/26/,9932
2023/5/11/,8093
2023/5/12/,6157
2023/4/5/,7463
2023/5/15/,3150
2023/5/10/,1929
2023/5/10/,7979
2023/5/8/,7480
2023/5/11/,6706
2023/5/10/,2389
2023/5/12/,4671
2023/5/15/,3916
2023/5/12/,7715
--/,2882
2023/7/7/,4992
2023/5/12/,8061
2023/4/28/,9384
2023/7/14/,8203
2023/5/12/,7721
2023/5/8/,6062
2023/5/11/,6298
2023/5/11/,2749
2023/5/9/,3946
2023/5/12/,9304
2023/7/11/,2698
2023/5/11/,3676
2023/5/12/,5142
2023/5/11/,4554
2023/5/12/,8338
2023/5/12/,4082
2023/5/11/,6089
2023/5/12/,7238
2023/5/12/,9850
2023/5/15/,6855
2023/4/27/,4826
2023/5/8/,4746
2023/5/15/,4994
2023/5/8/,5445
2023/5/12/,9880
2023/4/27/,9081
2023/5/12/,5957
2023/5/12/,6742
2023/5/12/,4251
2023/4/28/,4345
2023/4/28/,7172
2023/5/15/,6247
2023/4/28/,1945
2023/5/15/,9769
2023/4/28/,3341
2023/6/9/,3193
2023/5/15/,8018
2023/5/15/,4112
2023/5/10/,9990
2023/5/11/,9856
2023/7/12/,3093
2023/5/15/,1780
2023/5/12/,6850
2023/6/14/,2294
2023/5/12/,6237
2023/5/12/,2117
2023/5/12/,9046
2023/4/27/,7949
2023/6/12/,7856
2023/5/12/,9896
2023/4/28/,7475
2023/4/27/,2737
2023/5/10/,5821
2023/5/12/,8081
2023/5/9/,6050
2023/7/13/,7420
2023/5/9/,3328
2023/5/9/,7955
2023/5/12/,6676
2023/7/14/,8185
2023/7/13/,3139
2023/5/9/,6073
2023/5/15/,2915
2023/5/15/,4022
2023/5/11/,7294
2023/5/11/,4968
2023/5/9/,4765
2023/5/12/,1871
2023/5/11/,6937
2023/4/28/,9658
2023/5/12/,1726
2023/4/28/,6823
2023/5/10/,2533
2023/5/11/,7952
2023/5/11/,4310
2023/5/11/,7482
2023/5/12/,6962
2023/5/12/,7438
2023/7/13/,8095
2023/5/12/,6070
2023/5/12/,3925
2023/5/11/,7893
2023/5/12/,4390
2023/5/8/,2461
2023/5/12/,3315
2023/4/28/,2477
2023/5/12/,8070
2023/5/2/,7466
2023/7/13/,4668
2023/5/11/,7628
2023/5/15/,9739
2023/5/15/,2819
2023/4/28/,7962
2023/5/12/,4658
2023/5/15/,6240
2023/5/10/,4027
2023/5/12/,8157
2023/5/11/,7014
2023/5/9/,4931
2023/6/9/,3843
2023/5/11/,6915
2023/5/12/,2933
2023/7/13/,9837
2023/5/2/,5933
2023/7/12/,5932
2023/5/12/,7823
2023/5/9/,9600
2023/4/25/,7102
2023/4/27/,1939
2023/5/11/,8165
2023/5/12/,7914
2023/5/9/,4792
2023/4/28/,3482
2023/5/15/,6331
2023/5/8/,2003
2023/5/12/,9305
2023/7/10/,3546
2023/5/11/,7244
2023/5/12/,3183
2023/5/9/,3964
2023/6/5/,7605
2023/5/11/,4718
2023/4/27/,7931
2023/5/15/,2204
2023/4/28/,8622
2023/5/11/,6640
2023/6/12/,3421
2023/5/12/,5902
2023/5/11/,2120
2023/5/11/,3656
2023/5/11/,9535
2023/4/27/,3778
2023/5/15/,3694
2023/5/12/,6485
2023/5/10/,4396
2023/5/12/,6293
2023/7/7/,9717
2023/5/10/,3771
2023/6/9/,1873
2023/6/12/,2301
2023/5/12/,6330
2023/4/27/,2359
2023/7/10/,7520
2023/5/12/,4662
2023/4/27/,8706
2023/4/28/,4709
2023/5/15/,7554
2023/5/12/,8881
2023/5/9/,3837
2023/5/15/,5632
2023/5/15/,3983
2023/7/10/,9278
2023/7/10/,2462
2023/5/10/,3984
2023/5/10/,4312
2023/6/12/,3475
2023/5/8/,7596
2023/5/12/,8551
2023/5/12/,4955
2023/5/8/,9324
2023/5/15/,5989
2023/6/12/,3458
2023/5/12/,6763
2023/5/9/,8052
2023/5/12/,5981
2023/6/30/,6264
2023/7/14/,3228
2023/5/12/,4574
2023/5/10/,9622
2023/5/15/,4845
2023/4/27/,9795
2023/5/10/,3179
2023/5/11/,5262
2023/5/12/,6262
2023/5/12/,2676
2023/4/28/,7510
2023/5/15/,4462
--/,1376
2023/5/10/,2335
2023/6/7/,8842
2023/5/11/,2307
2023/5/10/,2378
2023/5/11/,8864
2023/5/12/,3688
2023/5/10/,4809
2023/5/15/,4461
2023/6/30/,2935
2023/5/11/,2440
2023/5/15/,9450
2023/5/12/,4323
2023/5/11/,3937
2023/5/12/,3561
2023/5/12/,2207
2023/5/10/,4053
2023/5/15/,4767
2023/5/11/,2372
2023/7/10/,7888
2023/5/11/,6788
2023/7/12/,4745
2023/5/15/,6571
2023/5/10/,5464
2023/4/28/,4228
2023/5/12/,3103
2023/7/14/,3073
2023/5/10/,4538
2023/5/12/,1810
2023/5/15/,6638
2023/5/25/,7590
2023/5/12/,8798
2023/5/12/,4420
2023/4/27/,5659
2023/5/10/,3834
2023/5/12/,6445
2023/5/10/,6482
2023/4/26/,6470
2023/5/12/,9405
2023/4/26/,9629
2023/5/15/,4275
2023/5/12/,3681
2023/5/15/,4229
2023/7/12/,7725
2023/4/27/,5449
2023/6/8/,3180
2023/5/11/,2445
2023/5/12/,3677
2023/5/11/,4092
2023/5/10/,2540
2023/5/8/,1967
2023/4/28/,9702
2023/4/25/,4973
2023/5/9/,3763
2023/6/12/,3031
2023/4/28/,7600
2023/7/18/,3548
2023/5/11/,6569
2023/5/11/,7723
2023/5/12/,9248
2023/4/28/,8285
2023/6/8/,6535
2023/5/15/,7092
2023/5/15/,7236
2023/5/9/,7989
2023/5/12/,4620
2023/4/28/,6798
2023/5/12/,7408
2023/5/10/,3696
2023/5/12/,1964
2023/5/10/,3154
2023/6/30/,2975
2023/5/12/,8364
2023/5/12/,4828
2023/5/11/,5121
2023/7/14/,2884
2023/6/12/,4936
2023/7/13/,3678
2023/5/15/,6291
2023/4/26/,9991
2023/5/15/,4100
2023/5/15/,1514
2023/5/12/,3457
2023/5/15/,5185
2023/5/15/,3276
2023/5/12/,3023
2023/4/27/,1930
2023/4/26/,5992
2023/5/15/,6785
2023/6/9/,5218
2023/5/10/,5017
2023/5/12/,6378
2023/6/14/,3665
2023/5/12/,2193
2023/4/28/,2148
2023/7/14/,6572
2023/5/8/,3040
2023/5/12/,1435
2023/5/10/,5909
--/,8918
2023/7/13/,9216
2023/5/10/,6358
2023/5/12/,9319
2023/5/12/,7987
2023/5/9/,7187
2023/5/12/,2325
2023/5/12/,3655
2023/7/18/,9979
2023/5/15/,6556
2023/5/15/,2374
2023/5/12/,7088
2023/5/11/,6879
2023/5/11/,8029
2023/5/15/,9386
2023/5/18/,5852
2023/5/19/,5269
2023/7/14/,6199
2023/5/11/,3649
2023/5/11/,6194
2023/5/10/,8158
2023/5/10/,4619
2023/7/14/,6047
2023/5/12/,7702
2023/5/8/,6927
2023/6/14/,3415
2023/5/9/,7971
2023/5/15/,3853
2023/5/12/,8275
2023/5/12/,9115
2023/7/14/,3547
2023/5/16/,7525
2023/7/6/,9369
2023/6/30/,8011
2023/5/9/,3939
2023/5/15/,3388
2023/5/15/,7769
2023/6/8/,9632
2023/5/15/,4651
2023/4/28/,4410
2023/5/9/,7570
2023/5/11/,2674
2023/5/12/,1866
2023/5/12/,2764
2023/5/12/,9994
2023/5/12/,6390
2023/5/12/,5013
2023/5/15/,1716
2023/5/12/,4299
2023/5/9/,6730
2023/5/12/,6317
2023/5/12/,3109
2023/5/10/,6678
2023/5/11/,3319
2023/5/15/,9788
2023/5/11/,9273
2023/5/11/,6294
2023/5/10/,4979
--/,4433
2023/5/15/,7212
2023/5/12/,5985
2023/5/8/,2428
2023/5/12/,9514
2023/5/12/,6071
2023/5/15/,9995
2023/5/12/,4977
2023/5/11/,1429
2023/6/9/,3662
2023/5/12/,6547
2023/5/15/,6082
2023/5/11/,2453
2023/5/12/,7937
2023/7/14/,4434
2023/5/15/,3053
2023/7/13/,9765
,6924
2023/6/9/,4382
2023/4/27/,9368
2023/5/12/,4064
2023/5/12/,2009
2023/5/10/,6087
2023/5/15/,1921
2023/5/11/,3864
2023/5/9/,4350
2023/5/12/,4331
2023/4/27/,1972
2023/5/12/,6165
2023/7/10/,7811
2023/5/10/,2130
2023/5/11/,8007
2023/5/12/,8291
2023/4/28/,6932
2023/5/12/,8349
2023/5/12/,7266
2023/5/12/,8999
2023/5/11/,7417
,8521
2023/5/15/,6615
2023/5/12/,6620
2023/7/14/,3501
2023/7/11/,7445
2023/5/12/,7305
2023/6/8/,4238
2023/5/15/,6203
2023/5/12/,2169
2023/5/15/,5337
2023/6/14/,3134
2023/5/12/,3221
2023/5/10/,6989
2023/5/15/,3666
2023/5/12/,6461
2023/5/11/,9438
2023/7/13/,8904
2023/5/11/,5261
2023/5/15/,7618
2023/5/11/,1909
2023/6/5/,8917
2023/5/10/,8928
2023/5/12/,7271
2023/5/11/,3741
2023/4/27/,6210
2023/5/12/,7455
2023/6/14/,3159
2023/7/13/,3922
2023/4/28/,2410
2023/5/11/,3178
2023/5/9/,1814
2023/5/12/,6560
2023/5/15/,9675
2023/7/14/,6489
2023/5/15/,6533
2023/5/12/,9633
2023/5/15/,3675
2023/5/12/,2982
2023/5/9/,6928
2023/6/21/,3544
2023/5/18/,1847
2023/5/12/,2612
2023/7/13/,7487
2023/5/12/,5698
2023/5/12/,1811
2023/5/15/,9351
2023/5/12/,7347
2023/5/12/,7038
2023/5/12/,3299
2023/5/12/,3447
2023/5/15/,2183
2023/5/15/,7494
2023/5/15/,3877
2023/5/12/,8091
2023/5/12/,3205
2023/5/12/,1717
2023/5/12/,6699
2023/5/10/,3784
2023/5/15/,3452
2023/4/28/,9986
2023/5/10/,8596
2023/5/12/,7898
2023/7/13/,4465
2023/5/11/,3611
2023/5/9/,3918
2023/6/14/,3921
2023/5/12/,7247
2023/5/11/,8869
2023/5/12/,6675
2023/5/10/,4847
2023/4/26/,6653
2023/4/28/,6848
2023/5/9/,8041
2023/5/11/,3434
2023/5/12/,8089
2023/5/15/,7727
2023/5/11/,9306
2023/5/8/,9768
2023/5/12/,8383
2023/7/12/,5018
2023/5/9/,7358
2023/5/11/,1867
2023/7/7/,3321
2023/5/15/,7775
2023/5/15/,6236
2023/7/11/,6083
2023/5/8/,7192
2023/5/12/,7527
2023/5/15/,6704
2023/7/10/,2735
2023/5/10/,6208
2023/4/28/,4463
2023/5/12/,7191
2023/5/11/,3484
2023/6/13/,3361
2023/5/12/,6904
2023/5/15/,6121
2023/4/28/,3667
2023/5/8/,5015
2023/5/15/,8038
2023/5/11/,9644
2023/5/12/,7161
2023/5/12/,5951
2023/5/15/,6167
2023/5/15/,4031
2023/5/8/,4404
2023/5/15/,3446
2023/5/11/,6539
2023/6/12/,2198
2023/6/8/,2163
2023/5/10/,4392
2023/5/10/,6853
2023/7/13/,6505
2023/7/15/,1430
2023/5/11/,8542
2023/5/12/,6444
2023/6/8/,9262
2023/5/12/,4286
2023/5/12/,2904
2023/6/8/,7196
2023/5/8/,3633
2023/5/12/,5658
2023/5/22/,7291
2023/5/12/,8537
2023/5/12/,6316
2023/5/10/,2812
2023/7/7/,9414
2023/5/12/,1914
2023/7/3/,5942
2023/7/11/,7514
2023/5/10/,8835
2023/5/12/,3963
2023/5/19/,5363
2023/5/12/,6393
2023/5/12/,6373
2023/5/9/,3553
2023/5/12/,8207
2023/5/12/,1826
2023/5/12/,4333
2023/5/11/,3648
2023/7/13/,8908
2023/5/12/,5915
2023/5/9/,3166
2023/5/15/,2597
2023/5/11/,4406
2023/5/8/,5187
2023/5/11/,9312
2023/5/12/,4963
2023/5/11/,2418
2023/5/8/,8945
2023/4/28/,4248
2023/5/10/,4284
2023/5/12/,7743
2023/5/15/,3683
2023/5/15/,3079
2023/5/11/,3992
2023/5/12/,3393
2023/5/15/,1827
2023/5/10/,9232
2023/5/10/,3157
2023/5/15/,4093
2023/5/11/,6096
2023/5/1/,5367
2023/5/12/,9731
2023/5/12/,6513
2023/5/12/,7481
2023/4/28/,2689
2023/4/24/,7908
2023/5/15/,7561
2023/5/15/,5009
2023/7/12/,3160
2023/4/28/,8772
2023/5/11/,7030
2023/5/12/,5388
2023/6/9/,1433
2023/4/28/,8732
2023/5/12/,4320
2023/5/15/,6319
2023/5/11/,2485
2023/5/11/,7277
2023/5/15/,7214
2023/7/14/,3030
2023/6/12/,3565
2023/5/15/,5210
2023/6/30/,1712
2023/5/8/,3467
2023/5/12/,4245
2023/5/11/,9074
2023/5/10/,9325
2023/5/12/,7885
2023/5/11/,6362
2023/5/15/,7256
2023/5/10/,3571
2023/5/12/,2818
2023/7/10/,9982
2023/5/12/,3392
2023/5/11/,6292
2023/5/12/,3526
2023/5/12/,9930
2023/5/12/,3924
2023/5/10/,3852
2023/5/15/,3277
2023/5/12/,8563
2023/5/11/,8365
2023/7/12/,9993
2023/5/11/,3529
2023/5/15/,7059
2023/6/9/,4441
2023/4/26/,5204
2023/6/8/,3246
2023/5/12/,8562
2023/5/12/,2112
2023/5/15/,8025
2023/5/10/,2883
2023/7/6/,3396
2023/5/12/,7822
2023/6/14/,4446
2023/5/12/,6926
2023/5/15/,3512
2023/5/12/,8416
2023/5/15/,4512
2023/5/12/,7999
2023/5/8/,8118
2023/4/21/,4929
2023/4/27/,3969
2023/5/15/,3489
2023/5/12/,9078
2023/4/27/,5819
2023/5/10/,3294
2023/6/6/,6654
2023/5/15/,7795
2023/5/12/,5986
2023/5/10/,5958
2023/7/7/,8127
2023/5/15/,7416
2023/5/12/,3486
2023/5/11/,5923
2023/5/15/,4531
2023/5/12/,3878
2023/5/12/,3521
2023/5/12/,8769
2023/7/6/,4728
2023/5/10/,3968
2023/5/12/,6428
2023/5/12/,5491
2023/5/15/,7506
2023/5/12/,7122
2023/5/12/,3981
2023/5/12/,3082
2023/5/10/,4231
--/,8289
2023/5/15/,2180
2023/5/11/,4926
2023/5/15/,3640
2023/7/14/,3996
2023/5/11/,6771
2023/7/12/,2686
2023/5/11/,9479
2023/5/15/,6551
2023/5/15/,8518
2023/5/15/,4346
2023/4/25/,3912
2023/7/13/,3267
2023/7/14/,3627
2023/6/2/,3172
2023/5/12/,1848
2023/5/12/,7442
2023/5/12/,6748
2023/5/15/,8230
2023/5/12/,7619
2023/5/12/,7213
2023/5/12/,6973
2023/5/12/,9428
2023/7/14/,9265
2023/5/11/,6715
2023/5/15/,3551
2023/5/11/,3538
2023/5/11/,9763
2023/5/12/,7022
2023/5/12/,6803
2023/5/12/,4539
2023/5/15/,4098
2023/5/15/,9380
2023/5/12/,7940
2023/4/24/,7646
2023/5/12/,7135
2023/7/3/,9872
2023/7/13/,6044
2023/4/28/,3275
2023/7/7/,3454
2023/7/12/,3168
2023/5/15/,3175
2023/5/8/,2924
2023/5/10/,7833
2023/5/10/,9322
2023/5/11/,2107
2023/5/15/,3513
2023/7/11/,8260
2023/5/9/,5391
2023/5/12/,2196
2023/5/9/,2599
2023/5/12/,9130
,5128
2023/5/12/,9366
2023/5/12/,3686
2023/5/15/,7150
2023/7/12/,9275
2023/5/12/,6356
2023/5/11/,2311
2023/5/15/,9385
2023/5/15/,2464
2023/5/12/,7060
2023/4/25/,6858
2023/5/12/,1384
2023/5/10/,3173
2023/5/12/,6546
2023/5/12/,3004
2023/5/15/,8104
2023/7/14/,4430
2023/6/9/,3524
2023/5/12/,5721
2023/7/7/,6093
2023/7/13/,4439
2023/6/30/,9972
2023/7/7/,7427
2023/4/28/,6938
2023/5/11/,3672
2023/7/14/,4829
2023/5/15/,7127
2023/5/8/,1768
2023/5/10/,2487
2023/6/14/,7034
2023/5/11/,6171
2023/4/28/,6189
2023/7/11/,2796
2023/5/12/,6218
2023/5/15/,1446
2023/5/15/,3135
2023/5/15/,7524
2023/5/11/,3896
2023/5/15/,7872
2023/5/12/,4295
2023/7/14/,7608
2023/5/12/,7918
2023/4/28/,4762
2023/5/11/,7284
2023/5/12/,2286
2023/5/12/,3204
2023/7/14/,8940
2023/5/10/,3202
2023/5/10/,3464
2023/7/10/,7673
2023/5/12/,6540
2023/5/12/,3965
2023/7/13/,2722
2023/4/28/,3839
2023/5/11/,9854
2023/5/15/,9704
2023/6/14/,2424
2023/5/10/,5603
2023/5/12/,6901
2023/5/12/,3271
2023/5/12/,5998
2023/5/15/,6054
2023/7/14/,3826
2023/5/11/,7183
2023/4/28/,6325
2023/5/12/,6335
2023/5/15/,9475
2023/5/10/,7615
2023/5/11/,2820
2023/4/28/,5476
2023/5/11/,3682
2023/5/12/,5936
2023/5/12/,8107
2023/5/12/,1420
2023/6/13/,8077
2023/5/11/,3067
2023/5/11/,9067
2023/5/12/,6059
2023/5/15/,6538
2023/6/14/,3169
2023/4/28/,6185
2023/5/15/,4615
2023/7/12/,6552
2023/7/14/,7035
2023/7/14/,4440
2023/5/8/,3577
2023/5/15/,3928
2023/5/15/,3940
2023/5/11/,5612
2023/6/30/,3607
2023/5/12/,7819
2023/5/12/,8742
2023/5/12/,7916
2023/4/28/,7897
2023/6/14/,6037
2023/5/15/,4319
2023/5/12/,9419
2023/5/12/,9760
2023/5/15/,9417
2023/6/14/,3770
2023/5/12/,2376
2023/5/12/,7215
2023/5/15/,8944
2023/5/12/,6032
2023/5/12/,7037
2023/5/10/,4678
2023/7/13/,6217
2023/4/20/,8617
2023/5/15/,3054
2023/5/15/,7044
2023/5/12/,3639
2023/4/27/,4679
2023/5/12/,3920
2023/5/12/,6138
2023/6/13/,8013
2023/5/12/,6186
2023/7/10/,3280
2023/5/10/,3934
2023/5/12/,3559
2023/5/15/,2215
2023/7/7/,6555
2023/5/15/,3909
2023/5/10/,3985
2023/7/11/,7601
2023/6/8/,7640
2023/5/12/,9466
2023/7/12/,2687
,7961
2023/7/13/,8181
2023/4/28/,2139
2023/7/11/,8166
2023/5/15/,7782
2023/5/15/,7709
2023/7/13/,6048
2023/5/12/,6029
